month,route,flights
2019-10-01,all domestic,56113
2019-11-01,all domestic,52615
2019-12-01,all domestic,52112
2020-01-01,all domestic,50230
2020-02-01,all domestic,48410
2020-03-01,all domestic,43127
2020-04-01,all domestic,8248
2020-05-01,all domestic,7840
2020-06-01,all domestic,10332
2020-07-01,all domestic,14904
2020-08-01,all domestic,14250
2020-09-01,all domestic,16049
2019-10-01,Albury - Sydney,534
2019-11-01,Albury - Sydney,525
2019-12-01,Albury - Sydney,460
2020-01-01,Albury - Sydney,323
2020-02-01,Albury - Sydney,459
2020-03-01,Albury - Sydney,435
2020-04-01,Albury - Sydney,41
2020-05-01,Albury - Sydney,33
2020-06-01,Albury - Sydney,na
2020-07-01,Albury - Sydney,na
2020-08-01,Albury - Sydney,na
2020-09-01,Albury - Sydney,na
2019-10-01,Adelaide - Alice Springs,123
2019-11-01,Adelaide - Alice Springs,118
2019-12-01,Adelaide - Alice Springs,120
2020-01-01,Adelaide - Alice Springs,113
2020-02-01,Adelaide - Alice Springs,114
2020-03-01,Adelaide - Alice Springs,114
2020-04-01,Adelaide - Alice Springs,na
2020-05-01,Adelaide - Alice Springs,0
2020-06-01,Adelaide - Alice Springs,0
2020-07-01,Adelaide - Alice Springs,na
2020-08-01,Adelaide - Alice Springs,na
2020-09-01,Adelaide - Alice Springs,na
2019-10-01,Adelaide - Brisbane,575
2019-11-01,Adelaide - Brisbane,537
2019-12-01,Adelaide - Brisbane,559
2020-01-01,Adelaide - Brisbane,545
2020-02-01,Adelaide - Brisbane,496
2020-03-01,Adelaide - Brisbane,422
2020-04-01,Adelaide - Brisbane,na
2020-05-01,Adelaide - Brisbane,0
2020-06-01,Adelaide - Brisbane,na
2020-07-01,Adelaide - Brisbane,140
2020-08-01,Adelaide - Brisbane,270
2020-09-01,Adelaide - Brisbane,244
2019-10-01,Adelaide - Canberra,160
2019-11-01,Adelaide - Canberra,143
2019-12-01,Adelaide - Canberra,136
2020-01-01,Adelaide - Canberra,120
2020-02-01,Adelaide - Canberra,138
2020-03-01,Adelaide - Canberra,123
2020-04-01,Adelaide - Canberra,0
2020-05-01,Adelaide - Canberra,0
2020-06-01,Adelaide - Canberra,0
2020-07-01,Adelaide - Canberra,na
2020-08-01,Adelaide - Canberra,na
2020-09-01,Adelaide - Canberra,na
2019-10-01,Adelaide - Melbourne,1659
2019-11-01,Adelaide - Melbourne,1574
2019-12-01,Adelaide - Melbourne,1544
2020-01-01,Adelaide - Melbourne,1483
2020-02-01,Adelaide - Melbourne,1497
2020-03-01,Adelaide - Melbourne,1291
2020-04-01,Adelaide - Melbourne,225
2020-05-01,Adelaide - Melbourne,192
2020-06-01,Adelaide - Melbourne,192
2020-07-01,Adelaide - Melbourne,215
2020-08-01,Adelaide - Melbourne,148
2020-09-01,Adelaide - Melbourne,175
2019-10-01,Adelaide - Gold Coast,127
2019-11-01,Adelaide - Gold Coast,108
2019-12-01,Adelaide - Gold Coast,127
2020-01-01,Adelaide - Gold Coast,128
2020-02-01,Adelaide - Gold Coast,109
2020-03-01,Adelaide - Gold Coast,91
2020-04-01,Adelaide - Gold Coast,0
2020-05-01,Adelaide - Gold Coast,0
2020-06-01,Adelaide - Gold Coast,0
2020-07-01,Adelaide - Gold Coast,na
2020-08-01,Adelaide - Gold Coast,na
2020-09-01,Adelaide - Gold Coast,na
2019-10-01,Adelaide - Perth,500
2019-11-01,Adelaide - Perth,455
2019-12-01,Adelaide - Perth,452
2020-01-01,Adelaide - Perth,434
2020-02-01,Adelaide - Perth,425
2020-03-01,Adelaide - Perth,380
2020-04-01,Adelaide - Perth,50
2020-05-01,Adelaide - Perth,na
2020-06-01,Adelaide - Perth,na
2020-07-01,Adelaide - Perth,na
2020-08-01,Adelaide - Perth,na
2020-09-01,Adelaide - Perth,na
2019-10-01,Adelaide - Port Lincoln,635
2019-11-01,Adelaide - Port Lincoln,616
2019-12-01,Adelaide - Port Lincoln,593
2020-01-01,Adelaide - Port Lincoln,559
2020-02-01,Adelaide - Port Lincoln,555
2020-03-01,Adelaide - Port Lincoln,500
2020-04-01,Adelaide - Port Lincoln,52
2020-05-01,Adelaide - Port Lincoln,38
2020-06-01,Adelaide - Port Lincoln,na
2020-07-01,Adelaide - Port Lincoln,na
2020-08-01,Adelaide - Port Lincoln,na
2020-09-01,Adelaide - Port Lincoln,na
2019-10-01,Adelaide - Sydney,1156
2019-11-01,Adelaide - Sydney,1105
2019-12-01,Adelaide - Sydney,1114
2020-01-01,Adelaide - Sydney,1096
2020-02-01,Adelaide - Sydney,1022
2020-03-01,Adelaide - Sydney,902
2020-04-01,Adelaide - Sydney,116
2020-05-01,Adelaide - Sydney,na
2020-06-01,Adelaide - Sydney,na
2020-07-01,Adelaide - Sydney,134
2020-08-01,Adelaide - Sydney,130
2020-09-01,Adelaide - Sydney,150
2019-10-01,Armidale - Sydney,392
2019-11-01,Armidale - Sydney,369
2019-12-01,Armidale - Sydney,325
2020-01-01,Armidale - Sydney,285
2020-02-01,Armidale - Sydney,335
2020-03-01,Armidale - Sydney,296
2020-04-01,Armidale - Sydney,na
2020-05-01,Armidale - Sydney,na
2020-06-01,Armidale - Sydney,na
2020-07-01,Armidale - Sydney,na
2020-08-01,Armidale - Sydney,na
2020-09-01,Armidale - Sydney,na
2019-10-01,Alice Springs - Darwin,168
2019-11-01,Alice Springs - Darwin,137
2019-12-01,Alice Springs - Darwin,103
2020-01-01,Alice Springs - Darwin,88
2020-02-01,Alice Springs - Darwin,na
2020-03-01,Alice Springs - Darwin,na
2020-04-01,Alice Springs - Darwin,na
2020-05-01,Alice Springs - Darwin,na
2020-06-01,Alice Springs - Darwin,na
2020-07-01,Alice Springs - Darwin,na
2020-08-01,Alice Springs - Darwin,na
2020-09-01,Alice Springs - Darwin,na
2019-10-01,Ayers Rock - Sydney,123
2019-11-01,Ayers Rock - Sydney,110
2019-12-01,Ayers Rock - Sydney,114
2020-01-01,Ayers Rock - Sydney,114
2020-02-01,Ayers Rock - Sydney,104
2020-03-01,Ayers Rock - Sydney,91
2020-04-01,Ayers Rock - Sydney,0
2020-05-01,Ayers Rock - Sydney,0
2020-06-01,Ayers Rock - Sydney,0
2020-07-01,Ayers Rock - Sydney,0
2020-08-01,Ayers Rock - Sydney,0
2020-09-01,Ayers Rock - Sydney,0
2019-10-01,Brisbane - Bundaberg,308
2019-11-01,Brisbane - Bundaberg,300
2019-12-01,Brisbane - Bundaberg,291
2020-01-01,Brisbane - Bundaberg,271
2020-02-01,Brisbane - Bundaberg,272
2020-03-01,Brisbane - Bundaberg,253
2020-04-01,Brisbane - Bundaberg,50
2020-05-01,Brisbane - Bundaberg,na
2020-06-01,Brisbane - Bundaberg,na
2020-07-01,Brisbane - Bundaberg,na
2020-08-01,Brisbane - Bundaberg,na
2020-09-01,Brisbane - Bundaberg,na
2019-10-01,Broome - Perth,337
2019-11-01,Broome - Perth,277
2019-12-01,Broome - Perth,292
2020-01-01,Broome - Perth,278
2020-02-01,Broome - Perth,268
2020-03-01,Broome - Perth,172
2020-04-01,Broome - Perth,55
2020-05-01,Broome - Perth,46
2020-06-01,Broome - Perth,68
2020-07-01,Broome - Perth,160
2020-08-01,Broome - Perth,186
2020-09-01,Broome - Perth,278
2019-10-01,Brisbane - Canberra,575
2019-11-01,Brisbane - Canberra,529
2019-12-01,Brisbane - Canberra,558
2020-01-01,Brisbane - Canberra,530
2020-02-01,Brisbane - Canberra,492
2020-03-01,Brisbane - Canberra,422
2020-04-01,Brisbane - Canberra,0
2020-05-01,Brisbane - Canberra,0
2020-06-01,Brisbane - Canberra,78
2020-07-01,Brisbane - Canberra,134
2020-08-01,Brisbane - Canberra,110
2020-09-01,Brisbane - Canberra,79
2019-10-01,Brisbane - Cairns,938
2019-11-01,Brisbane - Cairns,855
2019-12-01,Brisbane - Cairns,884
2020-01-01,Brisbane - Cairns,933
2020-02-01,Brisbane - Cairns,785
2020-03-01,Brisbane - Cairns,675
2020-04-01,Brisbane - Cairns,122
2020-05-01,Brisbane - Cairns,119
2020-06-01,Brisbane - Cairns,206
2020-07-01,Brisbane - Cairns,467
2020-08-01,Brisbane - Cairns,642
2020-09-01,Brisbane - Cairns,755
2019-10-01,Brisbane - Darwin,237
2019-11-01,Brisbane - Darwin,201
2019-12-01,Brisbane - Darwin,227
2020-01-01,Brisbane - Darwin,230
2020-02-01,Brisbane - Darwin,169
2020-03-01,Brisbane - Darwin,151
2020-04-01,Brisbane - Darwin,na
2020-05-01,Brisbane - Darwin,na
2020-06-01,Brisbane - Darwin,na
2020-07-01,Brisbane - Darwin,112
2020-08-01,Brisbane - Darwin,130
2020-09-01,Brisbane - Darwin,140
2019-10-01,Brisbane - Emerald,392
2019-11-01,Brisbane - Emerald,366
2019-12-01,Brisbane - Emerald,350
2020-01-01,Brisbane - Emerald,350
2020-02-01,Brisbane - Emerald,347
2020-03-01,Brisbane - Emerald,349
2020-04-01,Brisbane - Emerald,na
2020-05-01,Brisbane - Emerald,na
2020-06-01,Brisbane - Emerald,na
2020-07-01,Brisbane - Emerald,na
2020-08-01,Brisbane - Emerald,na
2020-09-01,Brisbane - Emerald,na
2019-10-01,Brisbane - Gladstone,438
2019-11-01,Brisbane - Gladstone,418
2019-12-01,Brisbane - Gladstone,397
2020-01-01,Brisbane - Gladstone,401
2020-02-01,Brisbane - Gladstone,400
2020-03-01,Brisbane - Gladstone,372
2020-04-01,Brisbane - Gladstone,110
2020-05-01,Brisbane - Gladstone,44
2020-06-01,Brisbane - Gladstone,54
2020-07-01,Brisbane - Gladstone,na
2020-08-01,Brisbane - Gladstone,na
2020-09-01,Brisbane - Gladstone,na
2019-10-01,Brisbane - Hobart,132
2019-11-01,Brisbane - Hobart,139
2019-12-01,Brisbane - Hobart,171
2020-01-01,Brisbane - Hobart,174
2020-02-01,Brisbane - Hobart,131
2020-03-01,Brisbane - Hobart,110
2020-04-01,Brisbane - Hobart,0
2020-05-01,Brisbane - Hobart,0
2020-06-01,Brisbane - Hobart,0
2020-07-01,Brisbane - Hobart,na
2020-08-01,Brisbane - Hobart,na
2020-09-01,Brisbane - Hobart,na
2019-10-01,Brisbane - Hamilton Island,124
2019-11-01,Brisbane - Hamilton Island,120
2019-12-01,Brisbane - Hamilton Island,124
2020-01-01,Brisbane - Hamilton Island,123
2020-02-01,Brisbane - Hamilton Island,114
2020-03-01,Brisbane - Hamilton Island,97
2020-04-01,Brisbane - Hamilton Island,0
2020-05-01,Brisbane - Hamilton Island,0
2020-06-01,Brisbane - Hamilton Island,0
2020-07-01,Brisbane - Hamilton Island,0
2020-08-01,Brisbane - Hamilton Island,na
2020-09-01,Brisbane - Hamilton Island,na
2019-10-01,Brisbane - Mount Isa,147
2019-11-01,Brisbane - Mount Isa,139
2019-12-01,Brisbane - Mount Isa,131
2020-01-01,Brisbane - Mount Isa,148
2020-02-01,Brisbane - Mount Isa,134
2020-03-01,Brisbane - Mount Isa,122
2020-04-01,Brisbane - Mount Isa,36
2020-05-01,Brisbane - Mount Isa,na
2020-06-01,Brisbane - Mount Isa,na
2020-07-01,Brisbane - Mount Isa,na
2020-08-01,Brisbane - Mount Isa,na
2020-09-01,Brisbane - Mount Isa,na
2019-10-01,Brisbane - Melbourne,2211
2019-11-01,Brisbane - Melbourne,2077
2019-12-01,Brisbane - Melbourne,2205
2020-01-01,Brisbane - Melbourne,2132
2020-02-01,Brisbane - Melbourne,1891
2020-03-01,Brisbane - Melbourne,1663
2020-04-01,Brisbane - Melbourne,257
2020-05-01,Brisbane - Melbourne,267
2020-06-01,Brisbane - Melbourne,355
2020-07-01,Brisbane - Melbourne,232
2020-08-01,Brisbane - Melbourne,138
2020-09-01,Brisbane - Melbourne,182
2019-10-01,Brisbane - Mackay,684
2019-11-01,Brisbane - Mackay,637
2019-12-01,Brisbane - Mackay,636
2020-01-01,Brisbane - Mackay,627
2020-02-01,Brisbane - Mackay,616
2020-03-01,Brisbane - Mackay,569
2020-04-01,Brisbane - Mackay,186
2020-05-01,Brisbane - Mackay,108
2020-06-01,Brisbane - Mackay,182
2020-07-01,Brisbane - Mackay,282
2020-08-01,Brisbane - Mackay,363
2020-09-01,Brisbane - Mackay,364
2019-10-01,Brisbane - Newcastle,504
2019-11-01,Brisbane - Newcastle,501
2019-12-01,Brisbane - Newcastle,480
2020-01-01,Brisbane - Newcastle,474
2020-02-01,Brisbane - Newcastle,453
2020-03-01,Brisbane - Newcastle,376
2020-04-01,Brisbane - Newcastle,na
2020-05-01,Brisbane - Newcastle,0
2020-06-01,Brisbane - Newcastle,0
2020-07-01,Brisbane - Newcastle,105
2020-08-01,Brisbane - Newcastle,72
2020-09-01,Brisbane - Newcastle,na
2019-10-01,Brisbane - Perth,527
2019-11-01,Brisbane - Perth,502
2019-12-01,Brisbane - Perth,530
2020-01-01,Brisbane - Perth,513
2020-02-01,Brisbane - Perth,484
2020-03-01,Brisbane - Perth,464
2020-04-01,Brisbane - Perth,48
2020-05-01,Brisbane - Perth,0
2020-06-01,Brisbane - Perth,na
2020-07-01,Brisbane - Perth,92
2020-08-01,Brisbane - Perth,104
2020-09-01,Brisbane - Perth,88
2019-10-01,Brisbane - Proserpine,154
2019-11-01,Brisbane - Proserpine,144
2019-12-01,Brisbane - Proserpine,166
2020-01-01,Brisbane - Proserpine,174
2020-02-01,Brisbane - Proserpine,123
2020-03-01,Brisbane - Proserpine,118
2020-04-01,Brisbane - Proserpine,0
2020-05-01,Brisbane - Proserpine,0
2020-06-01,Brisbane - Proserpine,24
2020-07-01,Brisbane - Proserpine,126
2020-08-01,Brisbane - Proserpine,117
2020-09-01,Brisbane - Proserpine,138
2019-10-01,Brisbane - Rockhampton,696
2019-11-01,Brisbane - Rockhampton,649
2019-12-01,Brisbane - Rockhampton,632
2020-01-01,Brisbane - Rockhampton,648
2020-02-01,Brisbane - Rockhampton,622
2020-03-01,Brisbane - Rockhampton,557
2020-04-01,Brisbane - Rockhampton,128
2020-05-01,Brisbane - Rockhampton,85
2020-06-01,Brisbane - Rockhampton,149
2020-07-01,Brisbane - Rockhampton,263
2020-08-01,Brisbane - Rockhampton,326
2020-09-01,Brisbane - Rockhampton,350
2019-10-01,Brisbane - Sydney,3107
2019-11-01,Brisbane - Sydney,2894
2019-12-01,Brisbane - Sydney,2878
2020-01-01,Brisbane - Sydney,2689
2020-02-01,Brisbane - Sydney,2596
2020-03-01,Brisbane - Sydney,2252
2020-04-01,Brisbane - Sydney,424
2020-05-01,Brisbane - Sydney,353
2020-06-01,Brisbane - Sydney,489
2020-07-01,Brisbane - Sydney,939
2020-08-01,Brisbane - Sydney,421
2020-09-01,Brisbane - Sydney,362
2019-10-01,Brisbane - Townsville,749
2019-11-01,Brisbane - Townsville,714
2019-12-01,Brisbane - Townsville,729
2020-01-01,Brisbane - Townsville,705
2020-02-01,Brisbane - Townsville,666
2020-03-01,Brisbane - Townsville,599
2020-04-01,Brisbane - Townsville,91
2020-05-01,Brisbane - Townsville,82
2020-06-01,Brisbane - Townsville,148
2020-07-01,Brisbane - Townsville,314
2020-08-01,Brisbane - Townsville,381
2020-09-01,Brisbane - Townsville,421
2019-10-01,Canberra - Melbourne,977
2019-11-01,Canberra - Melbourne,936
2019-12-01,Canberra - Melbourne,852
2020-01-01,Canberra - Melbourne,699
2020-02-01,Canberra - Melbourne,900
2020-03-01,Canberra - Melbourne,764
2020-04-01,Canberra - Melbourne,98
2020-05-01,Canberra - Melbourne,70
2020-06-01,Canberra - Melbourne,117
2020-07-01,Canberra - Melbourne,90
2020-08-01,Canberra - Melbourne,na
2020-09-01,Canberra - Melbourne,na
2019-10-01,Canberra - Sydney,1493
2019-11-01,Canberra - Sydney,1427
2019-12-01,Canberra - Sydney,1178
2020-01-01,Canberra - Sydney,914
2020-02-01,Canberra - Sydney,1298
2020-03-01,Canberra - Sydney,1071
2020-04-01,Canberra - Sydney,na
2020-05-01,Canberra - Sydney,na
2020-06-01,Canberra - Sydney,na
2020-07-01,Canberra - Sydney,na
2020-08-01,Canberra - Sydney,na
2020-09-01,Canberra - Sydney,na
2019-10-01,Coffs Harbour - Sydney,426
2019-11-01,Coffs Harbour - Sydney,384
2019-12-01,Coffs Harbour - Sydney,408
2020-01-01,Coffs Harbour - Sydney,398
2020-02-01,Coffs Harbour - Sydney,373
2020-03-01,Coffs Harbour - Sydney,357
2020-04-01,Coffs Harbour - Sydney,na
2020-05-01,Coffs Harbour - Sydney,na
2020-06-01,Coffs Harbour - Sydney,na
2020-07-01,Coffs Harbour - Sydney,na
2020-08-01,Coffs Harbour - Sydney,na
2020-09-01,Coffs Harbour - Sydney,na
2019-10-01,Cairns - Melbourne,479
2019-11-01,Cairns - Melbourne,390
2019-12-01,Cairns - Melbourne,413
2020-01-01,Cairns - Melbourne,366
2020-02-01,Cairns - Melbourne,305
2020-03-01,Cairns - Melbourne,253
2020-04-01,Cairns - Melbourne,0
2020-05-01,Cairns - Melbourne,0
2020-06-01,Cairns - Melbourne,0
2020-07-01,Cairns - Melbourne,na
2020-08-01,Cairns - Melbourne,na
2020-09-01,Cairns - Melbourne,na
2019-10-01,Cairns - Sydney,590
2019-11-01,Cairns - Sydney,504
2019-12-01,Cairns - Sydney,568
2020-01-01,Cairns - Sydney,585
2020-02-01,Cairns - Sydney,453
2020-03-01,Cairns - Sydney,362
2020-04-01,Cairns - Sydney,0
2020-05-01,Cairns - Sydney,0
2020-06-01,Cairns - Sydney,0
2020-07-01,Cairns - Sydney,194
2020-08-01,Cairns - Sydney,na
2020-09-01,Cairns - Sydney,na
2019-10-01,Cairns - Townsville,338
2019-11-01,Cairns - Townsville,324
2019-12-01,Cairns - Townsville,317
2020-01-01,Cairns - Townsville,330
2020-02-01,Cairns - Townsville,311
2020-03-01,Cairns - Townsville,320
2020-04-01,Cairns - Townsville,98
2020-05-01,Cairns - Townsville,na
2020-06-01,Cairns - Townsville,na
2020-07-01,Cairns - Townsville,na
2020-08-01,Cairns - Townsville,na
2020-09-01,Cairns - Townsville,na
2019-10-01,Dubbo - Sydney,531
2019-11-01,Dubbo - Sydney,508
2019-12-01,Dubbo - Sydney,429
2020-01-01,Dubbo - Sydney,370
2020-02-01,Dubbo - Sydney,473
2020-03-01,Dubbo - Sydney,449
2020-04-01,Dubbo - Sydney,70
2020-05-01,Dubbo - Sydney,58
2020-06-01,Dubbo - Sydney,na
2020-07-01,Dubbo - Sydney,na
2020-08-01,Dubbo - Sydney,na
2020-09-01,Dubbo - Sydney,na
2019-10-01,Darwin - Melbourne,182
2019-11-01,Darwin - Melbourne,155
2019-12-01,Darwin - Melbourne,167
2020-01-01,Darwin - Melbourne,166
2020-02-01,Darwin - Melbourne,140
2020-03-01,Darwin - Melbourne,126
2020-04-01,Darwin - Melbourne,0
2020-05-01,Darwin - Melbourne,0
2020-06-01,Darwin - Melbourne,0
2020-07-01,Darwin - Melbourne,na
2020-08-01,Darwin - Melbourne,na
2020-09-01,Darwin - Melbourne,na
2019-10-01,Darwin - Perth,123
2019-11-01,Darwin - Perth,120
2019-12-01,Darwin - Perth,124
2020-01-01,Darwin - Perth,124
2020-02-01,Darwin - Perth,116
2020-03-01,Darwin - Perth,108
2020-04-01,Darwin - Perth,8
2020-05-01,Darwin - Perth,na
2020-06-01,Darwin - Perth,na
2020-07-01,Darwin - Perth,na
2020-08-01,Darwin - Perth,na
2020-09-01,Darwin - Perth,na
2019-10-01,Darwin - Sydney,215
2019-11-01,Darwin - Sydney,160
2019-12-01,Darwin - Sydney,168
2020-01-01,Darwin - Sydney,161
2020-02-01,Darwin - Sydney,117
2020-03-01,Darwin - Sydney,146
2020-04-01,Darwin - Sydney,0
2020-05-01,Darwin - Sydney,0
2020-06-01,Darwin - Sydney,0
2020-07-01,Darwin - Sydney,na
2020-08-01,Darwin - Sydney,na
2020-09-01,Darwin - Sydney,na
2019-10-01,Hobart - Melbourne,939
2019-11-01,Hobart - Melbourne,946
2019-12-01,Hobart - Melbourne,1107
2020-01-01,Hobart - Melbourne,1095
2020-02-01,Hobart - Melbourne,948
2020-03-01,Hobart - Melbourne,772
2020-04-01,Hobart - Melbourne,na
2020-05-01,Hobart - Melbourne,na
2020-06-01,Hobart - Melbourne,na
2020-07-01,Hobart - Melbourne,na
2020-08-01,Hobart - Melbourne,na
2020-09-01,Hobart - Melbourne,na
2019-10-01,Hobart - Sydney,479
2019-11-01,Hobart - Sydney,492
2019-12-01,Hobart - Sydney,569
2020-01-01,Hobart - Sydney,539
2020-02-01,Hobart - Sydney,470
2020-03-01,Hobart - Sydney,356
2020-04-01,Hobart - Sydney,0
2020-05-01,Hobart - Sydney,0
2020-06-01,Hobart - Sydney,0
2020-07-01,Hobart - Sydney,na
2020-08-01,Hobart - Sydney,na
2020-09-01,Hobart - Sydney,na
2019-10-01,Hamilton Island - Melbourne,na
2019-11-01,Hamilton Island - Melbourne,68
2019-12-01,Hamilton Island - Melbourne,71
2020-01-01,Hamilton Island - Melbourne,76
2020-02-01,Hamilton Island - Melbourne,50
2020-03-01,Hamilton Island - Melbourne,38
2020-04-01,Hamilton Island - Melbourne,na
2020-05-01,Hamilton Island - Melbourne,na
2020-06-01,Hamilton Island - Melbourne,na
2020-07-01,Hamilton Island - Melbourne,na
2020-08-01,Hamilton Island - Melbourne,na
2020-09-01,Hamilton Island - Melbourne,na
2019-10-01,Hamilton Island - Sydney,172
2019-11-01,Hamilton Island - Sydney,155
2019-12-01,Hamilton Island - Sydney,175
2020-01-01,Hamilton Island - Sydney,184
2020-02-01,Hamilton Island - Sydney,134
2020-03-01,Hamilton Island - Sydney,121
2020-04-01,Hamilton Island - Sydney,0
2020-05-01,Hamilton Island - Sydney,0
2020-06-01,Hamilton Island - Sydney,0
2020-07-01,Hamilton Island - Sydney,na
2020-08-01,Hamilton Island - Sydney,na
2020-09-01,Hamilton Island - Sydney,0
2019-10-01,Kalgoorlie - Perth,331
2019-11-01,Kalgoorlie - Perth,285
2019-12-01,Kalgoorlie - Perth,280
2020-01-01,Kalgoorlie - Perth,311
2020-02-01,Kalgoorlie - Perth,305
2020-03-01,Kalgoorlie - Perth,309
2020-04-01,Kalgoorlie - Perth,82
2020-05-01,Kalgoorlie - Perth,34
2020-06-01,Kalgoorlie - Perth,55
2020-07-01,Kalgoorlie - Perth,108
2020-08-01,Kalgoorlie - Perth,142
2020-09-01,Kalgoorlie - Perth,187
2019-10-01,Karratha - Perth,518
2019-11-01,Karratha - Perth,488
2019-12-01,Karratha - Perth,475
2020-01-01,Karratha - Perth,510
2020-02-01,Karratha - Perth,440
2020-03-01,Karratha - Perth,409
2020-04-01,Karratha - Perth,93
2020-05-01,Karratha - Perth,44
2020-06-01,Karratha - Perth,72
2020-07-01,Karratha - Perth,162
2020-08-01,Karratha - Perth,220
2020-09-01,Karratha - Perth,347
2019-10-01,Launceston - Melbourne,756
2019-11-01,Launceston - Melbourne,746
2019-12-01,Launceston - Melbourne,860
2020-01-01,Launceston - Melbourne,861
2020-02-01,Launceston - Melbourne,741
2020-03-01,Launceston - Melbourne,618
2020-04-01,Launceston - Melbourne,na
2020-05-01,Launceston - Melbourne,na
2020-06-01,Launceston - Melbourne,na
2020-07-01,Launceston - Melbourne,na
2020-08-01,Launceston - Melbourne,na
2020-09-01,Launceston - Melbourne,na
2019-10-01,Launceston - Sydney,150
2019-11-01,Launceston - Sydney,154
2019-12-01,Launceston - Sydney,215
2020-01-01,Launceston - Sydney,187
2020-02-01,Launceston - Sydney,161
2020-03-01,Launceston - Sydney,126
2020-04-01,Launceston - Sydney,0
2020-05-01,Launceston - Sydney,0
2020-06-01,Launceston - Sydney,0
2020-07-01,Launceston - Sydney,na
2020-08-01,Launceston - Sydney,na
2020-09-01,Launceston - Sydney,na
2019-10-01,Melbourne - Sunshine Coast,324
2019-11-01,Melbourne - Sunshine Coast,300
2019-12-01,Melbourne - Sunshine Coast,336
2020-01-01,Melbourne - Sunshine Coast,282
2020-02-01,Melbourne - Sunshine Coast,236
2020-03-01,Melbourne - Sunshine Coast,212
2020-04-01,Melbourne - Sunshine Coast,0
2020-05-01,Melbourne - Sunshine Coast,0
2020-06-01,Melbourne - Sunshine Coast,0
2020-07-01,Melbourne - Sunshine Coast,na
2020-08-01,Melbourne - Sunshine Coast,0
2020-09-01,Melbourne - Sunshine Coast,0
2019-10-01,Sunshine Coast - Sydney,444
2019-11-01,Sunshine Coast - Sydney,419
2019-12-01,Sunshine Coast - Sydney,441
2020-01-01,Sunshine Coast - Sydney,372
2020-02-01,Sunshine Coast - Sydney,331
2020-03-01,Sunshine Coast - Sydney,297
2020-04-01,Sunshine Coast - Sydney,0
2020-05-01,Sunshine Coast - Sydney,0
2020-06-01,Sunshine Coast - Sydney,0
2020-07-01,Sunshine Coast - Sydney,na
2020-08-01,Sunshine Coast - Sydney,na
2020-09-01,Sunshine Coast - Sydney,na
2019-10-01,Melbourne - Mildura,429
2019-11-01,Melbourne - Mildura,404
2019-12-01,Melbourne - Mildura,371
2020-01-01,Melbourne - Mildura,299
2020-02-01,Melbourne - Mildura,369
2020-03-01,Melbourne - Mildura,342
2020-04-01,Melbourne - Mildura,41
2020-05-01,Melbourne - Mildura,34
2020-06-01,Melbourne - Mildura,48
2020-07-01,Melbourne - Mildura,na
2020-08-01,Melbourne - Mildura,na
2020-09-01,Melbourne - Mildura,na
2019-10-01,Melbourne - Newcastle,283
2019-11-01,Melbourne - Newcastle,254
2019-12-01,Melbourne - Newcastle,262
2020-01-01,Melbourne - Newcastle,257
2020-02-01,Melbourne - Newcastle,228
2020-03-01,Melbourne - Newcastle,184
2020-04-01,Melbourne - Newcastle,na
2020-05-01,Melbourne - Newcastle,0
2020-06-01,Melbourne - Newcastle,0
2020-07-01,Melbourne - Newcastle,na
2020-08-01,Melbourne - Newcastle,0
2020-09-01,Melbourne - Newcastle,0
2019-10-01,Gold Coast - Melbourne,1131
2019-11-01,Gold Coast - Melbourne,1005
2019-12-01,Gold Coast - Melbourne,1188
2020-01-01,Gold Coast - Melbourne,1123
2020-02-01,Gold Coast - Melbourne,862
2020-03-01,Gold Coast - Melbourne,754
2020-04-01,Gold Coast - Melbourne,0
2020-05-01,Gold Coast - Melbourne,0
2020-06-01,Gold Coast - Melbourne,0
2020-07-01,Gold Coast - Melbourne,na
2020-08-01,Gold Coast - Melbourne,0
2020-09-01,Gold Coast - Melbourne,0
2019-10-01,Melbourne - Perth,1027
2019-11-01,Melbourne - Perth,996
2019-12-01,Melbourne - Perth,1050
2020-01-01,Melbourne - Perth,1072
2020-02-01,Melbourne - Perth,927
2020-03-01,Melbourne - Perth,899
2020-04-01,Melbourne - Perth,216
2020-05-01,Melbourne - Perth,232
2020-06-01,Melbourne - Perth,218
2020-07-01,Melbourne - Perth,163
2020-08-01,Melbourne - Perth,132
2020-09-01,Melbourne - Perth,151
2019-10-01,Melbourne - Sydney,5397
2019-11-01,Melbourne - Sydney,5005
2019-12-01,Melbourne - Sydney,4857
2020-01-01,Melbourne - Sydney,4869
2020-02-01,Melbourne - Sydney,4677
2020-03-01,Melbourne - Sydney,3726
2020-04-01,Melbourne - Sydney,439
2020-05-01,Melbourne - Sydney,377
2020-06-01,Melbourne - Sydney,707
2020-07-01,Melbourne - Sydney,596
2020-08-01,Melbourne - Sydney,292
2020-09-01,Melbourne - Sydney,362
2019-10-01,Gold Coast - Sydney,1591
2019-11-01,Gold Coast - Sydney,1456
2019-12-01,Gold Coast - Sydney,1570
2020-01-01,Gold Coast - Sydney,1696
2020-02-01,Gold Coast - Sydney,1329
2020-03-01,Gold Coast - Sydney,1066
2020-04-01,Gold Coast - Sydney,44
2020-05-01,Gold Coast - Sydney,na
2020-06-01,Gold Coast - Sydney,44
2020-07-01,Gold Coast - Sydney,248
2020-08-01,Gold Coast - Sydney,36
2020-09-01,Gold Coast - Sydney,na
2019-10-01,Perth - Port Hedland,414
2019-11-01,Perth - Port Hedland,374
2019-12-01,Perth - Port Hedland,379
2020-01-01,Perth - Port Hedland,378
2020-02-01,Perth - Port Hedland,358
2020-03-01,Perth - Port Hedland,394
2020-04-01,Perth - Port Hedland,112
2020-05-01,Perth - Port Hedland,47
2020-06-01,Perth - Port Hedland,70
2020-07-01,Perth - Port Hedland,146
2020-08-01,Perth - Port Hedland,152
2020-09-01,Perth - Port Hedland,193
2019-10-01,Perth - Sydney,770
2019-11-01,Perth - Sydney,731
2019-12-01,Perth - Sydney,795
2020-01-01,Perth - Sydney,755
2020-02-01,Perth - Sydney,703
2020-03-01,Perth - Sydney,664
2020-04-01,Perth - Sydney,83
2020-05-01,Perth - Sydney,62
2020-06-01,Perth - Sydney,100
2020-07-01,Perth - Sydney,126
2020-08-01,Perth - Sydney,100
2020-09-01,Perth - Sydney,95
2019-10-01,Newman - Perth,386
2019-11-01,Newman - Perth,336
2019-12-01,Newman - Perth,332
2020-01-01,Newman - Perth,340
2020-02-01,Newman - Perth,334
2020-03-01,Newman - Perth,266
2020-04-01,Newman - Perth,102
2020-05-01,Newman - Perth,42
2020-06-01,Newman - Perth,56
2020-07-01,Newman - Perth,82
2020-08-01,Newman - Perth,68
2020-09-01,Newman - Perth,138
2019-10-01,Proserpine - Sydney,70
2019-11-01,Proserpine - Sydney,60
2019-12-01,Proserpine - Sydney,61
2020-01-01,Proserpine - Sydney,64
2020-02-01,Proserpine - Sydney,na
2020-03-01,Proserpine - Sydney,na
2020-04-01,Proserpine - Sydney,0
2020-05-01,Proserpine - Sydney,0
2020-06-01,Proserpine - Sydney,na
2020-07-01,Proserpine - Sydney,na
2020-08-01,Proserpine - Sydney,na
2020-09-01,Proserpine - Sydney,0
2019-10-01,Port Macquarie - Sydney,365
2019-11-01,Port Macquarie - Sydney,315
2019-12-01,Port Macquarie - Sydney,328
2020-01-01,Port Macquarie - Sydney,299
2020-02-01,Port Macquarie - Sydney,296
2020-03-01,Port Macquarie - Sydney,317
2020-04-01,Port Macquarie - Sydney,na
2020-05-01,Port Macquarie - Sydney,na
2020-06-01,Port Macquarie - Sydney,na
2020-07-01,Port Macquarie - Sydney,na
2020-08-01,Port Macquarie - Sydney,na
2020-09-01,Port Macquarie - Sydney,na
2019-10-01,Ballina - Sydney,288
2019-11-01,Ballina - Sydney,257
2019-12-01,Ballina - Sydney,292
2020-01-01,Ballina - Sydney,311
2020-02-01,Ballina - Sydney,248
2020-03-01,Ballina - Sydney,218
2020-04-01,Ballina - Sydney,na
2020-05-01,Ballina - Sydney,32
2020-06-01,Ballina - Sydney,72
2020-07-01,Ballina - Sydney,258
2020-08-01,Ballina - Sydney,268
2020-09-01,Ballina - Sydney,311
2019-10-01,Sydney - Tamworth,370
2019-11-01,Sydney - Tamworth,386
2019-12-01,Sydney - Tamworth,346
2020-01-01,Sydney - Tamworth,349
2020-02-01,Sydney - Tamworth,353
2020-03-01,Sydney - Tamworth,315
2020-04-01,Sydney - Tamworth,na
2020-05-01,Sydney - Tamworth,na
2020-06-01,Sydney - Tamworth,na
2020-07-01,Sydney - Tamworth,na
2020-08-01,Sydney - Tamworth,na
2020-09-01,Sydney - Tamworth,na
2019-10-01,Sydney - Townsville,108
2019-11-01,Sydney - Townsville,100
2019-12-01,Sydney - Townsville,111
2020-01-01,Sydney - Townsville,104
2020-02-01,Sydney - Townsville,64
2020-03-01,Sydney - Townsville,58
2020-04-01,Sydney - Townsville,0
2020-05-01,Sydney - Townsville,0
2020-06-01,Sydney - Townsville,0
2020-07-01,Sydney - Townsville,na
2020-08-01,Sydney - Townsville,0
2020-09-01,Sydney - Townsville,0
2019-10-01,Sydney - Wagga Wagga,503
2019-11-01,Sydney - Wagga Wagga,468
2019-12-01,Sydney - Wagga Wagga,392
2020-01-01,Sydney - Wagga Wagga,290
2020-02-01,Sydney - Wagga Wagga,427
2020-03-01,Sydney - Wagga Wagga,385
2020-04-01,Sydney - Wagga Wagga,48
2020-05-01,Sydney - Wagga Wagga,37
2020-06-01,Sydney - Wagga Wagga,na
2020-07-01,Sydney - Wagga Wagga,na
2020-08-01,Sydney - Wagga Wagga,na
2020-09-01,Sydney - Wagga Wagga,na
